"ASRock Z77 Extreme4, LGA 1155/Socket H2, Intel (90-MXGKX0-A0UAYZ) Motherboard",14.20,Parts only,1 bid,10-Aug 16:26,4.95
ASROCK Z77 Extreme4  SOCKET 1155 MOTHERBOARD,45.00,Pre-owned,33 bids,07-Aug 17:38,Free
"ASRock Z77 Extreme4, LGA 1155/Socket H2, Intel (90-MXGKX0-A0UAYZ) Motherboard",67.99,Pre-owned,14 bids,05-Aug 09:15,6.00
Original ASRock Z77 Extreme4 Intel Z77 Motherboard LGA 1155 DDR3,99.61,Refurbished,*Buy Now*,03-Aug 08:58,Free
ASROCK Z77 Extreme4  SOCKET 1155 MOTHERBOARD,114.95,Pre-owned,*Buy Now*,11-Jul 18:44,Free
"ASRock Z77 Extreme4, LGA 1155/Socket H2, Intel (90-MXGKX0-A0UAYZ) Motherboard",70.00,Pre-owned,*Buy Now*,08-Jul 10:27,5.57
"ASRock Z77 Extreme4, LGA 1155/Socket H2, Intel (90-MXGKX0-A0UAYZ) Motherboard",21.30,Parts only,1 bid,03-Jul 11:14,5.59
"ASRock Z77 Extreme4, LGA 1155/Socket H2, Intel (90-MXGKX0-A0UAYZ) Motherboard",99.99,Pre-owned,*Buy Now*,02-Jul 08:03,Free
"ASRock Z77 Extreme4, LGA 1155/Socket H2, Intel (90-MXGKX0-A0UAYZ) Motherboard",52.00,Pre-owned,5 bids,26-Jun 17:53,Free
"ASRock Z77 Extreme4, LGA 1155/Socket H2, Intel (90-MXGKX0-A0UAYZ) Motherboard",82.00,Pre-owned,26 bids,22-Jun 12:57,5.57
ASROCK Z77 Extreme4 SOCKET 1155 MOTHERBOARD,114.95,Pre-owned,*Buy Now*,22-Jun 11:02,Free
"ASRock Z77 Extreme4, LGA 1155/Socket H2, Intel (90-MXGKX0-A0UAYZ) Motherboard",93.00,Pre-owned,19 bids,20-Jun 15:25,5.50
Intel i5-2500k Processor & ASRock Z77 Extreme4 Motherboard BUNDLE,99.00,Pre-owned,5 bids,19-Jun 19:01,4.10
"ASRock Z77 Extreme4, LGA 1155/Socket H2, Intel (90-MXGKX0-A0UAYZ) Motherboard",20.00,Parts only,1 bid,18-Jun 14:12,5.59
"ASRock Z77 Extreme4, LGA 1155/Socket H2, Intel (90-MXGKX0-A0UAYZ) Motherboard",119.99,Pre-owned,*Buy Now*,08-Jun 17:43,Free
"ASRock Z77 Extreme4, LGA 1155/Socket H2, Intel Motherboard",51.00,Pre-owned,14 bids,06-Jun 18:04,5.57
ASROCK Z77 EXTREME4-M LGA1155 INTEL MOTHERBOARD FAULTY WITHOUT I/0 SHIELD,24.99,Parts only,*Buy Now*,01-Jun 18:55,Free
"AsRock Z77 Extreme4 Motherboard (Socket 1155, Intel Z77, Up to 32GB DDR3, ATX)",65.00,Pre-owned,9 bids,31-May 22:29,3.50
ASRock Z77 Extreme4-M Motherboard | MATX Form LGA 1155 | Ivy Bridge Sandy Bridge,60.00,Parts only,*Buy Now*,31-May 14:18,Free
"ASRock Z77 Extreme4, LGA 1155/Socket H2, Intel (90-MXGKX0-A0UAYZ) Motherboard",119.99,Pre-owned,*Buy Now*,27-May 08:43,Free
"ASRock Z77 Extreme4, LGA 1155/Socket H2, Intel (90-MXGKX0-A0UAYZ) Motherboard",110.00,Pre-owned,*Buy Now*,26-May 11:43,Free
"ASRock Z77 Extreme4-m motherboard, LGA 1155, Intel, micro atx",72.00,Pre-owned,*Buy Now*,22-May 00:11,Free
"ASRock Z77 Extreme4, LGA 1155, Intel Motherboard***NO CPU INCLUDED***",70.00,Pre-owned,17 bids,15-May 20:00,5.57
"ASRock Z77 Extreme4, LGA 1155, Intel Motherboard includes IO Shield",119.99,Pre-owned,*Buy Now*,13-May 16:54,4.99
"ASRock Z77 Extreme4, LGA 1155, Intel (90-MXGKS0-A0UAYZ) Motherboard",80.45,Pre-owned,*Buy Now*,10-Aug 00:25,42.14
Manual & DVD ASRock z77 Extreme 6 tb4 * Perfect * Desktop PC Installation Guide,8.12,New (other),1 bid,06-Aug 21:18,5.33
ASRock Motherboard Z77 Extreme4 LGA 1155 Intel Z77 Chipset DDR3 ATX,86.58,Refurbished,*Buy Now*,03-Aug 20:25,13.02
ASRock z77 Extreme 4 Intel z77 Motherboard ATX Socket 1155 #33094,91.09,Pre-owned,*Buy Now*,30-Jul 14:36,17.07
"ASRock Z77 Extreme 4, LGA 1155/Socket H2, Intel Motherboard",65.90,Pre-owned,15 bids,27-Jul 22:24,24.19
ASRock Z77 Extreme 4-M Intel Motherboard Micro ATX Socket 1155 faulty #310410,15.46,Parts only,1 bid,27-Jul 16:52,17.07
ASRock Z77 Extreme4 motherboard + i7-3770K processor + 16GB RAM,126.43,Pre-owned,29 bids,25-Jul 20:35,25.20
"ASRock Z77 Extreme4, LGA 1155, Intel (90-MXGKX0-A0UAYZ) Motherboard",122.59,Refurbished,*Buy Now*,19-Jul 22:35,27.58
ASRock Z77 Extreme 4 LGA 1155 Intel Z77 HDMI SATA 6Gb/s USB 3.0 ATX Motherboard Top,81.28,Pre-owned,*Buy Now*,11-Jul 13:34,16.26
	ASRock Motherboard Z77 Extreme4 LGA 1155 Z77 Chipset DDR3 ATX,58.23,Pre-owned,9 bids,05-Jul 22:46,21.01
"ASRock Z77 Extreme4, LGA 1155, Intel (90-MXGKX0-A0UAYZ) Motherboard",17.24,Parts only,1 bid,04-Jul 20:19,29.97
"ASRock Z77 Extreme 6, LGA 1155/Socket H2, Intel Motherboard With I5-3570k.",70.49,Pre-owned,12 bids,01-Jul 03:28,33.25
asrock z77 extreme4 atx lga1155 motherboard with intel i5 2500k,57.47,Pre-owned,8 bids,24-Jun 23:08,33.41
"ASRock Z77 Extreme 4, LGA 1155/Socket H2, Intel (90-MXGKX0 - a 0 UAYZ) Motherboard",74.07,Pre-owned,51 bids,14-Jun 18:57,19.87
ASRock Z77 Extreme4 LGA 1155 Motherboard with Intel i7-3770k,86.20,Pre-owned,18 bids,08-Jun 01:16,29.78
Asrock Z77 Extreme4 Motherboard - LG1155 Intel Z77,65.99,Pre-owned,2 bids,07-Jun 04:46,29.70
ASRock Z77 Extreme 4-M Intel Motherboard Micro ATX Socket 1155 faulty #310410,15.46,Parts only,1 bid,05-Jun 15:20,17.07
"ASRock Z77 Extreme4, LGA 1155, Intel (90-MXGKX0-A0UAYZ) Motherboard",62.06,Pre-owned,6 bids,02-Jun 11:00,29.38
ASRock z77 Extreme 4-m socket 1155,90.33,Refurbished,*Buy Now*,01-Jun 20:33,19.87
ASRock Z77 Extreme4 LGA 1155 Motherboard w/ Intel i7-3770k & 32gb ddr3,181.21,Pre-owned,21 bids,29-May 00:00,33.77
ASRock Z77 Pro4 Motherboard,78.00,Pre-owned,10 bids,26-Jul 18:30,2.90
ASRock Z270 Extreme4 - LGA 1151 - Motherboard,41.00,Pre-owned,9 bids,06-Aug 19:56,4.45
ASRock Z77 Extreme6 LGA 1155 Socket H2 Intel Motherboard,72.00,Pre-owned,28 bids,06-Jul 21:06,15.00
"ASRock Z77 Extreme6, LGA 1155/Socket H2, Intel Motherboard",70.00,Pre-owned,14 bids,04-Aug 17:11,9.02
"ASRock Z77 Extreme6, LGA 1155/Socket H2, Intel (90-MXGJK0-A0UAYZ) Motherboard",52.00,Pre-owned,19 bids,02-Aug 13:29,10.00
"ASRock Z68 Extreme4, LGA 1155/Socket H2 Motherboard",52.00,Pre-owned,7 bids,20-Jun 18:49,5.57
ASRock Z370 Extreme4 Motherboard See Description!,46.00,Pre-owned,16 bids,14-Jun 21:41,4.00
ASRock Z390 Extreme4 motherboard,102.00,Pre-owned,27 bids,03-Jun 19:19,Free
ASRock Z68 Extreme4 LGA 1155 Intel Motherboard,55.50,Pre-owned,11 bids,25-May 14:45,4.10
ASRock Z170 Extreme 6 LGA 1151 ATX Motherboard,58.50,Pre-owned,5 bids,14-Jul 19:33,7.50
ASRock Z170 Extreme 6 LGA 1151 ATX Motherboard,46.00,Pre-owned,4 bids,22-Jul 18:29,7.50
ASROCK Z77 Extreme6  SOCKET 1155 MOTHERBOARD,99.95,Pre-owned,*Buy Now*,20-May 22:08,Free
ASRock Z87 Extreme4 Motherboard,50.00,Pre-owned,5 bids,11-Jun 10:09,5.57
"ASRock Z97 Extreme4, LGA 1150/Socket H3, Intel Motherboard",87.00,Pre-owned,19 bids,06-Jul 13:51,5.57
"ASRock Z97 Extreme4, LGA 1150/Socket H3, Intel Motherboard",91.00,Pre-owned,18 bids,26-Jun 19:53,4.10
Asrock Z77E-ITX Mini-ITX Skt 1155 Motherboard with upgraded WI-FI and Bluetooth,72.00,Pre-owned,7 bids,03-Aug 19:00,4.36
ASRock Z170 Extreme4 Motherboard -  7th and 6th Gen Intel® Core™ Socket 1151,71.00,Pre-owned,2 bids,22-May 23:59,Free
"ASRock Z97 Extreme4, LGA 1150/Socket H3, Intel Motherboard",76.00,Pre-owned,14 bids,19-Jun 21:20,7.00
Asrock Z390 Extreme4 Intel Z390 1151 ATX,102.00,Pre-owned,15 bids,16-Jun 12:23,9.99
Asrock Z170 Extreme4 Motherboard,79.00,Pre-owned,1 bid,03-Jul 12:08,3.10
ASRock Fatal1ty Z170 Gaming K4 socket LGA1151 motherboard,45.57,Pre-owned,3 bids,27-Jun 17:44,Free
ASROCK X299M EXTREME4 INTEL MOTHERBOARD Brand New,150.00,Brand new,1 bid,09-Aug 17:47,5.57
ASROCK Z390 PRO4 MOTHERBOARD ATX INTEL skt 1151,53.00,Pre-owned,11 bids,19-Jul 19:57,8.00
ASROCK Z87 Extreme 4/A/ASR LGA1150 (90-MXGPC0-A0UAYZ),70.00,Refurbished,*Buy Now*,07-Jul 15:11,Free
ASRock socket AM3+  970 extreme 4 motherboard 90-MXGIP0-A0UAYZ,47.00,Pre-owned,22 bids,05-Jul 13:49,Free
ASRock H77 Pro4-M Intel LGA1155 motherboard Micro ATX HDMI,64.00,Refurbished,10 bids,08-Jun 20:44,9.02
Motherboard ATX ASRock Z370 Extreme4 Socket 1151,71.00,Pre-owned,27 bids,01-Jun 19:06,7.00
