MSI GeForce GTX 1060 ARMOR 6G Graphics Card,115.00,Pre-owned,11 bids,09-Aug 15:11,4.10
MSI GF GTX 1060 ARMOR 6G OCV1 NVIDIA GeForce GTX 1060 6GB GDDR5 VR Graphics Card,160.00,Pre-owned,5 bids,05-Aug 17:03,4.50
MSI armor geforce GTX 1060 6GB - PARTS ONLY,36.00,Parts only,10 bids,03-Aug 18:50,Free
MSI armor geforce GTX 1060 6GB - PARTS ONLY,30.00,Parts only,5 bids,03-Aug 18:44,Free
Graphics card MSI GeForce GTX 1060 ARMOR 6GB OCV1,128.00,Pre-owned,20 bids,28-Jul 19:00,4.10
MSI GeForce GTX 1060 ARMOR 6G Graphics Card,132.00,Pre-owned,15 bids,27-Jul 10:19,4.10
MSI Gaming Armor GeForce GTX 1060 6GB GDDR5 GTX1060 Armor 6G OC V1 Graphics Card,48.00,Parts only,15 bids,24-Jul 20:03,8.00
Graphics card MSI GeForce GTX 1060 ARMOR 6GB OCV1,139.00,Pre-owned,23 bids,18-Jul 20:27,4.10
MSI Armor geforce gtx 1060 6gb OCV1,122.01,Pre-owned,9 bids,18-Jul 17:11,9.99
Graphics card MSI GeForce GTX 1060 ARMOR 6GB OCV1,137.00,Pre-owned,17 bids,11-Jul 18:48,4.10
MSI NVIDIA GTX 1060 ARMOR OC 6GB,149.87,Pre-owned,10 bids,05-Jul 18:07,3.95
MSI GeForce GTX 1060  6 GB ARMOR Graphics Card GPU ,135.00,Pre-owned,23 bids,05-Jul 13:44,Free
Graphics card MSI GeForce GTX 1060 ARMOR 6GB OCV1,139.00,Pre-owned,14 bids,04-Jul 18:11,4.10
MSI Gaming Armor GeForce GTX 1060 6GB GDDR5 GTX1060 Armor 6G OC V1 Graphics Card,31.00,Parts only,13 bids,03-Jul 19:07,8.00
Graphics card MSI GeForce GTX 1060 ARMOR 6GB OCV1,135.00,Pre-owned,17 bids,27-Jun 14:20,4.10
MSI GeForce GTX 1060 3gb Armor OCV1,98.80,Pre-owned,7 bids,26-Jun 21:32,3.70
Graphics card MSI GeForce GTX 1060 ARMOR 6GB OCV1,137.00,Pre-owned,11 bids,20-Jun 13:59,4.10
MSI GeForce GTX 1060 ARMOR 6GB GDDR5 OC Graphics Card,155.00,Pre-owned,*Buy Now*,18-Jun 20:25,5.00
MSI Gaming Armor GeForce GTX 1060 6GB GDDR5 GTX1060 Armor 6G OC Graphics Card,159.99,Pre-owned,*Buy Now*,18-Jun 11:40,Free
MSI NVIDIA GeForce GTX 1060 ARMOR 6GB OC Edition Graphics Card,155.00,Pre-owned,1 bid,17-Jun 19:30,4.00
MSI Nvidia Geforce GTX 1060 Armor 6GB,135.00,Pre-owned,7 bids,16-Jun 12:18,3.70
MSI ARMOR OC - NVIDIA GeForce GTX 1060 3GB GDDR5 Graphics Card GPU -GTX10603GTOC,105.00,Pre-owned,10 bids,15-Jun 21:20,Free
MSI GeForce GTX 1060 ARMOR 6GB OCV1 graphics card,133.00,Pre-owned,20 bids,14-Jun 18:54,4.97
MSI GeForce GTX 1060 ARMOR 6GB OCV1 graphics card,142.00,Pre-owned,14 bids,13-Jun 13:04,4.10
MSI NVIDIA GeForce GTX 1060 6GB ARMOR OC Graphics Card,144.00,Pre-owned,27 bids,11-Jun 19:54,8.00
MSI ARMOR OC - NVIDIA GeForce GTX 1060 3GB GDDR5 Graphics Card GPU -GTX10603GTOC,92.00,Pre-owned,4 bids,07-Jun 13:53,Free
MSI NVIDIA GeForce GTX 1060 Armor 6gb OC EDITION GDDR5 Graphics Card ,53.00,Parts only,23 bids,05-Jun 19:39,8.00
MSI GeForce GTX 1060 3GB - Armor - UsedÂ ,91.70,Pre-owned,10 bids,02-Jun 06:32,5.90
Video card MSI Armor GTX 1060 3GB,107.00,Pre-owned,*Buy Now*,02-Jun 01:40,7.90
MSI NVIDIA GeForce GTX 1060 ARMOR 6GB OC Edition Graphics Card,127.00,Pre-owned,3 bids,31-May 11:58,Free
Video card GTX 1060 3GB MSI Armor,109.00,Pre-owned,*Buy Now*,30-May 14:01,6.90
Video card GTX 1060 3GB MSI Armor,119.00,Pre-owned,*Buy Now*,29-May 08:46,6.90
MSI NVIDIA GeForce GTX 1060 6GB ARMOR OC Graphics Card,159.99,Pre-owned,*Buy Now*,27-May 15:45,Free
MSI NVIDIA GeForce GTX 1060 Armor 3GB OC EDITION GDDR5 Graphics Card (V330-033),134.00,Refurbished,41 bids,16-May 20:01,5.00
